No.,branded_domain,deployment_mode,tranco_rank,expose_shortening_API
01,j.map.baidu.com,self-developed,8,no
02,www.reddit.com,self-developed,35,yes
03,youtu.be,self-developed,40,no
04,maps.app.goo.gl,self-developed,57,yes
05,u.163.com,self-developed,61,yes
06,www.tiktok.com,self-developed,68,yes
07,join.skype.com,self-developed,87,no
08,a.aliexpress.com,self-developed,122,yes
09,www.booking.com,self-developed,166,yes
10,url.cloud.huawei.com,self-developed,295,yes
11,t.snapchat.com,self-developed,337,yes
12,ozon.ru,self-developed,347,yes
13,amzn.to,self-developed,414,no
14,discord.gg,self-developed,539,no
15,link.coupang.com,self-developed,785,yes
16,fb.watch,self-developed,1055,yes
17,surl.amap.com,self-developed,1079,yes
18,carousell.app.link,third-party-hosting,1308,yes
19,goat.app.link,third-party-hosting,1308,yes
20,expe.app.link,third-party-hosting,1308,yes
21,skyscanner.app.link,third-party-hosting,1308,yes
22,starbucks.app.link,third-party-hosting,1308,yes
23,blidz.app.link,third-party-hosting,1308,yes
24,orbz.app.link,third-party-hosting,1308,yes
25,strava.app.link,third-party-hosting,1308,yes
26,depop.app.link,third-party-hosting,1308,yes
27,joann.app.link,third-party-hosting,1308,yes
28,confirmed.onelink.me,third-party-hosting,1348,yes
29,adidas.onelink.me,third-party-hosting,1348,yes
30,foxsports.onelink.me,third-party-hosting,1348,yes
31,gojek.onelink.me,third-party-hosting,1348,no
32,pocketfm.onelink.me,third-party-hosting,1348,yes
33,u.51job.com,self-developed,1657,no
34,ingka.page.link,third-party-hosting,2200,no
35,gojek.page.link,third-party-hosting,2200,yes
36,livenation.page.link,third-party-hosting,2200,yes
37,mubeat.page.link,third-party-hosting,2200,yes
38,link.gmarket.co.kr,self-developed,2200,yes
39,hk.trip.com,self-developed,2451,yes
40,dx.10086.cn,self-developed,2711,no
41,f.10086.cn,self-developed,2711,no
42,applinks.makemytrip.com,self-developed,2961,no
43,share.temu.com,self-developed,2971,yes
44,dl.wish.com,self-developed,4062,no
45,go.shop.app,self-developed,4247,no
46,c.tb.cn,self-developed,4554,no
47,s.tb.cn,self-developed,4554,no
48,m.tb.cn,self-developed,4554,no
49,s.klook.com,self-developed,5210,yes
50,pin.it,self-developed,5597,no
51,s.lazada.sg,self-developed,6042,no
52,share.newsbreak.com,self-developed,6140,yes
53,castbox.fm,self-developed,6880,yes
54,t.cn,self-developed,8102,yes
55,a.co,self-developed,8676,yes
56,f.ixigo.com,self-developed,13172,yes
57,click.flipp.com,third-party-hosting,14404,yes
58,l.nio.com,self-developed,22648,yes
59,mol.im,self-developed,25719,no
60,share.oyorooms.com,self-developed,26072,no
61,b23.tv,self-developed,28506,no
62,to.ele.me,self-developed,31083,no
63,link.dolap.com,self-developed,38465,yes
64,flip.it,self-developed,42467,yes
65,3.cn,self-developed,44678,no
66,n.cpic.com.cn,self-developed,48187,no
67,link.tubi.tv,third-party-hosting,49330,yes
68,u.yamibuy.com,self-developed,56978,yes
69,liketk.it,self-developed,78318,no
70,s.vskit.tv,self-developed,80711,no
71,v.triller.co,self-developed,83371,no
72,tokopedia.link,third-party-hosting,84447,yes
73,puji.m.chenzhongtech.com,self-developed,95328,no
74,onextrapixel.com,self-developed,122046,no
75,offerup.co,third-party-hosting,143542,yes
76,lnk0.com,self-developed,150737,no
77,yelp.to,self-developed,183075,yes
78,posh.mk,self-developed,187272,no
79,awa.fm,self-developed,198692,yes
80,gjk.sg,self-developed,201103,no
81,k.lecake.com,self-developed,245430,no
82,t.laohu.com,self-developed,291177,no
83,xhslink.com,self-developed,295692,yes
84,c.didi.cn,self-developed,342759,no
85,s.cmpay.com,self-developed,417537,no
86,u.10010.cn,self-developed,526511,yes
87,dpurl.cn,self-developed,693333,yes
88,momo.dm,self-developed,694300,yes